fg_value,fg_label,date
30,Fear,2018-02-01
15,Extreme Fear,2018-02-02
40,Fear,2018-02-03
24,Extreme Fear,2018-02-04
11,Extreme Fear,2018-02-05
8,Extreme Fear,2018-02-06
36,Fear,2018-02-07
30,Fear,2018-02-08
44,Fear,2018-02-09
54,Neutral,2018-02-10
31,Fear,2018-02-11
42,Fear,2018-02-12
35,Fear,2018-02-13
55,Greed,2018-02-14
71,Greed,2018-02-15
67,Greed,2018-02-16
74,Greed,2018-02-17
63,Greed,2018-02-18
67,Greed,2018-02-19
74,Greed,2018-02-20
54,Neutral,2018-02-21
44,Fear,2018-02-22
39,Fear,2018-02-23
31,Fear,2018-02-24
33,Fear,2018-02-25
37,Fear,2018-02-26
44,Fear,2018-02-27
41,Fear,2018-02-28
38,Fear,2018-03-01
47,Neutral,2018-03-02
56,Greed,2018-03-03
44,Fear,2018-03-04
55,Greed,2018-03-05
59,Greed,2018-03-06
37,Fear,2018-03-07
39,Fear,2018-03-08
37,Fear,2018-03-09
39,Fear,2018-03-10
40,Fear,2018-03-11
41,Fear,2018-03-12
41,Fear,2018-03-13
40,Fear,2018-03-14
32,Fear,2018-03-15
33,Fear,2018-03-16
31,Fear,2018-03-17
29,Fear,2018-03-18
29,Fear,2018-03-19
37,Fear,2018-03-20
36,Fear,2018-03-21
36,Fear,2018-03-22
28,Fear,2018-03-23
32,Fear,2018-03-24
30,Fear,2018-03-25
31,Fear,2018-03-26
24,Extreme Fear,2018-03-27
24,Extreme Fear,2018-03-28
18,Extreme Fear,2018-03-29
12,Extreme Fear,2018-03-30
16,Extreme Fear,2018-03-31
16,Extreme Fear,2018-04-01
11,Extreme Fear,2018-04-02
22,Extreme Fear,2018-04-03
22,Extreme Fear,2018-04-04
17,Extreme Fear,2018-04-05
19,Extreme Fear,2018-04-06
20,Extreme Fear,2018-04-07
17,Extreme Fear,2018-04-08
21,Extreme Fear,2018-04-09
18,Extreme Fear,2018-04-10
20,Extreme Fear,2018-04-11
18,Extreme Fear,2018-04-12
23,Extreme Fear,2018-04-13
26,Fear,2018-04-17
24,Extreme Fear,2018-04-18
25,Fear,2018-04-19
26,Fear,2018-04-20
32,Fear,2018-04-21
31,Fear,2018-04-22
28,Fear,2018-04-23
29,Fear,2018-04-24
64,Greed,2018-04-25
47,Neutral,2018-04-26
55,Greed,2018-04-27
54,Neutral,2018-04-28
61,Greed,2018-04-29
59,Greed,2018-04-30
56,Greed,2018-05-01
52,Neutral,2018-05-02
55,Greed,2018-05-03
56,Greed,2018-05-04
63,Greed,2018-05-05
67,Greed,2018-05-06
56,Greed,2018-05-07
62,Greed,2018-05-08
53,Neutral,2018-05-09
63,Greed,2018-05-10
41,Fear,2018-05-11
44,Fear,2018-05-12
40,Fear,2018-05-13
40,Fear,2018-05-14
40,Fear,2018-05-15
32,Fear,2018-05-16
31,Fear,2018-05-17
37,Fear,2018-05-18
31,Fear,2018-05-19
32,Fear,2018-05-20
41,Fear,2018-05-21
30,Fear,2018-05-22
26,Fear,2018-05-23
27,Fear,2018-05-24
25,Fear,2018-05-25
23,Extreme Fear,2018-05-26
19,Extreme Fear,2018-05-27
22,Extreme Fear,2018-05-28
16,Extreme Fear,2018-05-29
38,Fear,2018-05-30
25,Fear,2018-05-31
24,Extreme Fear,2018-06-01
27,Fear,2018-06-02
40,Fear,2018-06-03
41,Fear,2018-06-04
26,Fear,2018-06-05
42,Fear,2018-06-06
38,Fear,2018-06-07
40,Fear,2018-06-08
39,Fear,2018-06-09
24,Extreme Fear,2018-06-10
15,Extreme Fear,2018-06-11
19,Extreme Fear,2018-06-12
19,Extreme Fear,2018-06-13
17,Extreme Fear,2018-06-14
26,Fear,2018-06-15
22,Extreme Fear,2018-06-16
23,Extreme Fear,2018-06-17
27,Fear,2018-06-18
32,Fear,2018-06-19
34,Fear,2018-06-20
37,Fear,2018-06-21
28,Fear,2018-06-22
17,Extreme Fear,2018-06-23
15,Extreme Fear,2018-06-24
16,Extreme Fear,2018-06-25
21,Extreme Fear,2018-06-26
18,Extreme Fear,2018-06-27
20,Extreme Fear,2018-06-28
16,Extreme Fear,2018-06-29
22,Extreme Fear,2018-06-30
27,Fear,2018-07-01
27,Fear,2018-07-02
31,Fear,2018-07-03
33,Fear,2018-07-04
37,Fear,2018-07-05
34,Fear,2018-07-06
34,Fear,2018-07-07
38,Fear,2018-07-08
39,Fear,2018-07-09
37,Fear,2018-07-10
29,Fear,2018-07-11
33,Fear,2018-07-12
29,Fear,2018-07-13
29,Fear,2018-07-14
32,Fear,2018-07-15
36,Fear,2018-07-16
39,Fear,2018-07-17
42,Fear,2018-07-18
44,Fear,2018-07-19
47,Neutral,2018-07-20
43,Fear,2018-07-21
46,Neutral,2018-07-22
44,Fear,2018-07-23
49,Neutral,2018-07-24
54,Neutral,2018-07-25
53,Neutral,2018-07-26
47,Neutral,2018-07-27
54,Neutral,2018-07-28
54,Neutral,2018-07-29
53,Neutral,2018-07-30
48,Neutral,2018-07-31
39,Fear,2018-08-01
39,Fear,2018-08-02
36,Fear,2018-08-03
31,Fear,2018-08-04
23,Extreme Fear,2018-08-05
25,Fear,2018-08-06
25,Fear,2018-08-07
23,Extreme Fear,2018-08-08
19,Extreme Fear,2018-08-09
21,Extreme Fear,2018-08-10
18,Extreme Fear,2018-08-11
18,Extreme Fear,2018-08-12
21,Extreme Fear,2018-08-13
16,Extreme Fear,2018-08-14
18,Extreme Fear,2018-08-15
21,Extreme Fear,2018-08-16
19,Extreme Fear,2018-08-17
24,Extreme Fear,2018-08-18
27,Fear,2018-08-19
26,Fear,2018-08-20
19,Extreme Fear,2018-08-21
21,Extreme Fear,2018-08-22
18,Extreme Fear,2018-08-23
19,Extreme Fear,2018-08-24
22,Extreme Fear,2018-08-25
19,Extreme Fear,2018-08-26
18,Extreme Fear,2018-08-27
19,Extreme Fear,2018-08-28
19,Extreme Fear,2018-08-29
22,Extreme Fear,2018-08-30
17,Extreme Fear,2018-08-31
21,Extreme Fear,2018-09-01
18,Extreme Fear,2018-09-02
19,Extreme Fear,2018-09-03
26,Fear,2018-09-04
17,Extreme Fear,2018-09-05
14,Extreme Fear,2018-09-06
17,Extreme Fear,2018-09-07
18,Extreme Fear,2018-09-08
13,Extreme Fear,2018-09-09
15,Extreme Fear,2018-09-10
18,Extreme Fear,2018-09-11
14,Extreme Fear,2018-09-12
20,Extreme Fear,2018-09-13
23,Extreme Fear,2018-09-14
24,Extreme Fear,2018-09-15
28,Fear,2018-09-16
25,Fear,2018-09-17
21,Extreme Fear,2018-09-18
24,Extreme Fear,2018-09-19
24,Extreme Fear,2018-09-20
31,Fear,2018-09-21
35,Fear,2018-09-22
38,Fear,2018-09-23
43,Fear,2018-09-24
37,Fear,2018-09-25
37,Fear,2018-09-26
42,Fear,2018-09-27
42,Fear,2018-09-28
37,Fear,2018-09-29
34,Fear,2018-09-30
35,Fear,2018-10-01
33,Fear,2018-10-02
36,Fear,2018-10-03
29,Fear,2018-10-04
37,Fear,2018-10-05
34,Fear,2018-10-06
29,Fear,2018-10-07
26,Fear,2018-10-08
31,Fear,2018-10-09
28,Fear,2018-10-10
19,Extreme Fear,2018-10-11
13,Extreme Fear,2018-10-12
15,Extreme Fear,2018-10-13
18,Extreme Fear,2018-10-14
20,Extreme Fear,2018-10-15
24,Extreme Fear,2018-10-16
23,Extreme Fear,2018-10-17
26,Fear,2018-10-18
24,Extreme Fear,2018-10-19
21,Extreme Fear,2018-10-20
21,Extreme Fear,2018-10-21
27,Fear,2018-10-22
24,Extreme Fear,2018-10-23
23,Extreme Fear,2018-10-24
25,Fear,2018-10-25
29,Fear,2018-10-26
33,Fear,2018-10-27
35,Fear,2018-10-28
34,Fear,2018-10-29
31,Fear,2018-10-30
32,Fear,2018-10-31
29,Fear,2018-11-01
36,Fear,2018-11-02
36,Fear,2018-11-03
41,Fear,2018-11-04
42,Fear,2018-11-05
42,Fear,2018-11-06
48,Neutral,2018-11-07
51,Neutral,2018-11-08
47,Neutral,2018-11-09
52,Neutral,2018-11-10
54,Neutral,2018-11-11
52,Neutral,2018-11-12
56,Greed,2018-11-13
49,Neutral,2018-11-14
28,Fear,2018-11-15
23,Extreme Fear,2018-11-16
24,Extreme Fear,2018-11-17
26,Fear,2018-11-18
28,Fear,2018-11-19
21,Extreme Fear,2018-11-20
15,Extreme Fear,2018-11-21
14,Extreme Fear,2018-11-22
12,Extreme Fear,2018-11-23
15,Extreme Fear,2018-11-24
9,Extreme Fear,2018-11-25
17,Extreme Fear,2018-11-26
11,Extreme Fear,2018-11-27
14,Extreme Fear,2018-11-28
18,Extreme Fear,2018-11-29
19,Extreme Fear,2018-11-30
13,Extreme Fear,2018-12-01
15,Extreme Fear,2018-12-02
17,Extreme Fear,2018-12-03
12,Extreme Fear,2018-12-04
19,Extreme Fear,2018-12-05
13,Extreme Fear,2018-12-06
11,Extreme Fear,2018-12-07
11,Extreme Fear,2018-12-08
14,Extreme Fear,2018-12-09
19,Extreme Fear,2018-12-10
15,Extreme Fear,2018-12-11
14,Extreme Fear,2018-12-12
14,Extreme Fear,2018-12-13
10,Extreme Fear,2018-12-14
11,Extreme Fear,2018-12-15
13,Extreme Fear,2018-12-16
17,Extreme Fear,2018-12-17
23,Extreme Fear,2018-12-18
21,Extreme Fear,2018-12-19
27,Fear,2018-12-20
35,Fear,2018-12-21
28,Fear,2018-12-22
31,Fear,2018-12-23
25,Fear,2018-12-24
33,Fear,2018-12-25
26,Fear,2018-12-26
29,Fear,2018-12-27
21,Extreme Fear,2018-12-28
24,Extreme Fear,2018-12-29
23,Extreme Fear,2018-12-30
26,Fear,2018-12-31
24,Extreme Fear,2019-01-01
30,Fear,2019-01-02
33,Fear,2019-01-03
48,Neutral,2019-01-04
36,Fear,2019-01-05
31,Fear,2019-01-06
39,Fear,2019-01-07
39,Fear,2019-01-08
42,Fear,2019-01-09
37,Fear,2019-01-10
19,Extreme Fear,2019-01-11
22,Extreme Fear,2019-01-12
21,Extreme Fear,2019-01-13
16,Extreme Fear,2019-01-14
27,Fear,2019-01-15
24,Extreme Fear,2019-01-16
28,Fear,2019-01-17
29,Fear,2019-01-18
31,Fear,2019-01-19
35,Fear,2019-01-20
30,Fear,2019-01-21
27,Fear,2019-01-22
33,Fear,2019-01-23
37,Fear,2019-01-24
35,Fear,2019-01-25
41,Fear,2019-01-26
39,Fear,2019-01-27
35,Fear,2019-01-28
21,Extreme Fear,2019-01-29
22,Extreme Fear,2019-01-30
17,Extreme Fear,2019-01-31
23,Extreme Fear,2019-02-01
22,Extreme Fear,2019-02-02
19,Extreme Fear,2019-02-03
27,Fear,2019-02-04
21,Extreme Fear,2019-02-05
14,Extreme Fear,2019-02-06
18,Extreme Fear,2019-02-07
37,Fear,2019-02-08
42,Fear,2019-02-09
40,Fear,2019-02-10
46,Neutral,2019-02-11
38,Fear,2019-02-12
48,Neutral,2019-02-13
48,Neutral,2019-02-14
43,Fear,2019-02-15
43,Fear,2019-02-16
38,Fear,2019-02-17
63,Greed,2019-02-18
65,Greed,2019-02-19
59,Greed,2019-02-20
59,Greed,2019-02-21
61,Greed,2019-02-22
63,Greed,2019-02-23
69,Greed,2019-02-24
47,Neutral,2019-02-25
40,Fear,2019-02-26
39,Fear,2019-02-27
39,Fear,2019-02-28
42,Fear,2019-03-01
41,Fear,2019-03-02
44,Fear,2019-03-03
36,Fear,2019-03-04
35,Fear,2019-03-05
42,Fear,2019-03-06
56,Greed,2019-03-07
54,Neutral,2019-03-08
55,Greed,2019-03-09
55,Greed,2019-03-10
56,Greed,2019-03-11
56,Greed,2019-03-12
54,Neutral,2019-03-13
55,Greed,2019-03-14
55,Greed,2019-03-15
54,Neutral,2019-03-16
58,Greed,2019-03-17
56,Greed,2019-03-18
56,Greed,2019-03-19
55,Greed,2019-03-20
62,Greed,2019-03-21
56,Greed,2019-03-22
50,Neutral,2019-03-23
44,Fear,2019-03-24
46,Neutral,2019-03-25
43,Fear,2019-03-26
44,Fear,2019-03-27
49,Neutral,2019-03-28
50,Neutral,2019-03-29
57,Greed,2019-03-30
56,Greed,2019-03-31
62,Greed,2019-04-01
60,Greed,2019-04-02
71,Greed,2019-04-03
61,Greed,2019-04-04
59,Greed,2019-04-05
65,Greed,2019-04-06
69,Greed,2019-04-07
65,Greed,2019-04-08
64,Greed,2019-04-09
62,Greed,2019-04-10
65,Greed,2019-04-11
42,Fear,2019-04-12
62,Greed,2019-04-13
51,Neutral,2019-04-14
60,Greed,2019-04-15
50,Neutral,2019-04-16
61,Greed,2019-04-17
64,Greed,2019-04-18
61,Greed,2019-04-19
62,Greed,2019-04-20
62,Greed,2019-04-21
61,Greed,2019-04-22
68,Greed,2019-04-23
65,Greed,2019-04-24
58,Greed,2019-04-25
41,Fear,2019-04-26
42,Fear,2019-04-27
40,Fear,2019-04-28
42,Fear,2019-04-29
42,Fear,2019-04-30
51,Neutral,2019-05-01
50,Neutral,2019-05-02
63,Greed,2019-05-03
66,Greed,2019-05-04
67,Greed,2019-05-05
57,Greed,2019-05-06
69,Greed,2019-05-07
63,Greed,2019-05-08
69,Greed,2019-05-09
71,Greed,2019-05-10
76,Extreme Greed,2019-05-11
75,Extreme Greed,2019-05-12
78,Extreme Greed,2019-05-13
78,Extreme Greed,2019-05-14
77,Extreme Greed,2019-05-15
75,Extreme Greed,2019-05-16
65,Greed,2019-05-17
67,Greed,2019-05-18
70,Greed,2019-05-19
73,Greed,2019-05-20
68,Greed,2019-05-21
69,Greed,2019-05-22
65,Greed,2019-05-23
64,Greed,2019-05-24
69,Greed,2019-05-25
67,Greed,2019-05-26
70,Greed,2019-05-27
71,Greed,2019-05-28
71,Greed,2019-05-29
73,Greed,2019-05-30
61,Greed,2019-05-31
62,Greed,2019-06-01
63,Greed,2019-06-02
66,Greed,2019-06-03
42,Fear,2019-06-04
27,Fear,2019-06-05
34,Fear,2019-06-06
27,Fear,2019-06-07
62,Greed,2019-06-08
62,Greed,2019-06-09
46,Neutral,2019-06-10
61,Greed,2019-06-11
60,Greed,2019-06-12
63,Greed,2019-06-13
67,Greed,2019-06-14
75,Extreme Greed,2019-06-15
80,Extreme Greed,2019-06-16
84,Extreme Greed,2019-06-17
83,Extreme Greed,2019-06-18
82,Extreme Greed,2019-06-19
81,Extreme Greed,2019-06-20
84,Extreme Greed,2019-06-21
83,Extreme Greed,2019-06-22
84,Extreme Greed,2019-06-23
80,Extreme Greed,2019-06-24
87,Extreme Greed,2019-06-25
95,Extreme Greed,2019-06-26
92,Extreme Greed,2019-06-27
62,Greed,2019-06-28
74,Greed,2019-06-29
78,Extreme Greed,2019-06-30
65,Greed,2019-07-01
63,Greed,2019-07-02
79,Extreme Greed,2019-07-03
76,Extreme Greed,2019-07-04
67,Greed,2019-07-05
72,Greed,2019-07-06
67,Greed,2019-07-07
74,Greed,2019-07-08
84,Extreme Greed,2019-07-09
83,Extreme Greed,2019-07-10
62,Greed,2019-07-11
33,Fear,2019-07-12
65,Greed,2019-07-13
61,Greed,2019-07-14
16,Extreme Fear,2019-07-15
34,Fear,2019-07-16
19,Extreme Fear,2019-07-17
40,Fear,2019-07-18
42,Fear,2019-07-19
34,Fear,2019-07-20
42,Fear,2019-07-21
42,Fear,2019-07-22
40,Fear,2019-07-23
20,Extreme Fear,2019-07-24
42,Fear,2019-07-25
24,Extreme Fear,2019-07-26
47,Neutral,2019-07-27
16,Extreme Fear,2019-07-28
19,Extreme Fear,2019-07-29
22,Extreme Fear,2019-07-30
31,Fear,2019-07-31
57,Greed,2019-08-01
61,Greed,2019-08-02
61,Greed,2019-08-03
62,Greed,2019-08-04
64,Greed,2019-08-05
66,Greed,2019-08-06
45,Neutral,2019-08-07
61,Greed,2019-08-08
60,Greed,2019-08-09
59,Greed,2019-08-10
45,Neutral,2019-08-11
48,Neutral,2019-08-12
45,Neutral,2019-08-13
11,Extreme Fear,2019-08-14
13,Extreme Fear,2019-08-15
31,Fear,2019-08-16
20,Extreme Fear,2019-08-17
14,Extreme Fear,2019-08-18
30,Fear,2019-08-19
39,Fear,2019-08-20
11,Extreme Fear,2019-08-21
5,Extreme Fear,2019-08-22
33,Fear,2019-08-23
39,Fear,2019-08-24
33,Fear,2019-08-25
41,Fear,2019-08-26
30,Fear,2019-08-27
32,Fear,2019-08-28
20,Extreme Fear,2019-08-29
24,Extreme Fear,2019-08-30
20,Extreme Fear,2019-08-31
24,Extreme Fear,2019-09-01
28,Fear,2019-09-02
41,Fear,2019-09-03
43,Fear,2019-09-04
41,Fear,2019-09-05
43,Fear,2019-09-06
39,Fear,2019-09-07
43,Fear,2019-09-08
41,Fear,2019-09-09
41,Fear,2019-09-10
38,Fear,2019-09-11
39,Fear,2019-09-12
38,Fear,2019-09-13
39,Fear,2019-09-14
38,Fear,2019-09-15
38,Fear,2019-09-16
41,Fear,2019-09-17
38,Fear,2019-09-18
31,Fear,2019-09-19
41,Fear,2019-09-20
37,Fear,2019-09-21
37,Fear,2019-09-22
41,Fear,2019-09-23
39,Fear,2019-09-24
15,Extreme Fear,2019-09-25
12,Extreme Fear,2019-09-26
24,Extreme Fear,2019-09-27
32,Fear,2019-09-28
33,Fear,2019-09-29
27,Fear,2019-09-30
38,Fear,2019-10-01
39,Fear,2019-10-02
37,Fear,2019-10-03
30,Fear,2019-10-04
31,Fear,2019-10-05
32,Fear,2019-10-06
27,Fear,2019-10-07
39,Fear,2019-10-08
37,Fear,2019-10-09
41,Fear,2019-10-10
39,Fear,2019-10-11
38,Fear,2019-10-12
38,Fear,2019-10-13
37,Fear,2019-10-14
39,Fear,2019-10-15
40,Fear,2019-10-16
40,Fear,2019-10-17
40,Fear,2019-10-18
41,Fear,2019-10-19
37,Fear,2019-10-20
37,Fear,2019-10-21
39,Fear,2019-10-22
33,Fear,2019-10-23
20,Extreme Fear,2019-10-24
24,Extreme Fear,2019-10-25
53,Neutral,2019-10-26
50,Neutral,2019-10-27
52,Neutral,2019-10-28
54,Neutral,2019-10-29
53,Neutral,2019-10-30
50,Neutral,2019-10-31
49,Neutral,2019-11-01
51,Neutral,2019-11-02
56,Greed,2019-11-03
49,Neutral,2019-11-04
54,Neutral,2019-11-05
53,Neutral,2019-11-06
54,Neutral,2019-11-07
42,Fear,2019-11-08
38,Fear,2019-11-09
39,Fear,2019-11-10
40,Fear,2019-11-11
39,Fear,2019-11-12
38,Fear,2019-11-13
41,Fear,2019-11-14
38,Fear,2019-11-15
41,Fear,2019-11-16
38,Fear,2019-11-17
38,Fear,2019-11-18
32,Fear,2019-11-19
32,Fear,2019-11-20
30,Fear,2019-11-21
20,Extreme Fear,2019-11-22
23,Extreme Fear,2019-11-23
21,Extreme Fear,2019-11-24
17,Extreme Fear,2019-11-25
21,Extreme Fear,2019-11-26
20,Extreme Fear,2019-11-27
32,Fear,2019-11-28
31,Fear,2019-11-29
38,Fear,2019-11-30
25,Fear,2019-12-01
28,Fear,2019-12-02
28,Fear,2019-12-03
24,Extreme Fear,2019-12-04
21,Extreme Fear,2019-12-05
29,Fear,2019-12-06
32,Fear,2019-12-07
28,Fear,2019-12-08
32,Fear,2019-12-09
26,Fear,2019-12-10
20,Extreme Fear,2019-12-11
23,Extreme Fear,2019-12-12
22,Extreme Fear,2019-12-13
27,Fear,2019-12-14
21,Extreme Fear,2019-12-15
24,Extreme Fear,2019-12-16
23,Extreme Fear,2019-12-17
15,Extreme Fear,2019-12-18
21,Extreme Fear,2019-12-19
23,Extreme Fear,2019-12-20
23,Extreme Fear,2019-12-21
20,Extreme Fear,2019-12-22
33,Fear,2019-12-23
25,Fear,2019-12-24
22,Extreme Fear,2019-12-25
39,Fear,2019-12-26
38,Fear,2019-12-27
37,Fear,2019-12-28
37,Fear,2019-12-29
40,Fear,2019-12-30
38,Fear,2019-12-31
37,Fear,2020-01-01
39,Fear,2020-01-02
38,Fear,2020-01-03
38,Fear,2020-01-04
39,Fear,2020-01-05
41,Fear,2020-01-06
40,Fear,2020-01-07
51,Neutral,2020-01-08
44,Fear,2020-01-09
41,Fear,2020-01-10
50,Neutral,2020-01-11
45,Neutral,2020-01-12
49,Neutral,2020-01-13
56,Greed,2020-01-14
54,Neutral,2020-01-15
55,Greed,2020-01-16
54,Neutral,2020-01-17
51,Neutral,2020-01-18
53,Neutral,2020-01-19
48,Neutral,2020-01-20
49,Neutral,2020-01-21
52,Neutral,2020-01-22
49,Neutral,2020-01-23
40,Fear,2020-01-24
41,Fear,2020-01-25
42,Fear,2020-01-26
50,Neutral,2020-01-27
54,Neutral,2020-01-28
57,Greed,2020-01-29
57,Greed,2020-01-30
55,Greed,2020-01-31
57,Greed,2020-02-01
57,Greed,2020-02-02
59,Greed,2020-02-03
56,Greed,2020-02-04
53,Neutral,2020-02-05
61,Greed,2020-02-06
56,Greed,2020-02-07
56,Greed,2020-02-08
56,Greed,2020-02-09
57,Greed,2020-02-10
52,Neutral,2020-02-11
61,Greed,2020-02-12
65,Greed,2020-02-13
63,Greed,2020-02-14
64,Greed,2020-02-15
59,Greed,2020-02-16
49,Neutral,2020-02-17
53,Neutral,2020-02-18
50,Neutral,2020-02-19
44,Fear,2020-02-20
44,Fear,2020-02-21
43,Fear,2020-02-22
46,Neutral,2020-02-23
46,Neutral,2020-02-24
44,Fear,2020-02-25
41,Fear,2020-02-26
39,Fear,2020-02-27
40,Fear,2020-02-28
38,Fear,2020-02-29
39,Fear,2020-03-01
38,Fear,2020-03-02
38,Fear,2020-03-03
40,Fear,2020-03-04
41,Fear,2020-03-05
39,Fear,2020-03-06
38,Fear,2020-03-07
33,Fear,2020-03-08
17,Extreme Fear,2020-03-09
16,Extreme Fear,2020-03-10
17,Extreme Fear,2020-03-11
14,Extreme Fear,2020-03-12
10,Extreme Fear,2020-03-13
8,Extreme Fear,2020-03-14
12,Extreme Fear,2020-03-15
9,Extreme Fear,2020-03-16
8,Extreme Fear,2020-03-17
11,Extreme Fear,2020-03-18
12,Extreme Fear,2020-03-19
9,Extreme Fear,2020-03-20
9,Extreme Fear,2020-03-21
11,Extreme Fear,2020-03-22
10,Extreme Fear,2020-03-23
12,Extreme Fear,2020-03-24
13,Extreme Fear,2020-03-25
14,Extreme Fear,2020-03-26
12,Extreme Fear,2020-03-27
8,Extreme Fear,2020-03-28
12,Extreme Fear,2020-03-29
10,Extreme Fear,2020-03-30
12,Extreme Fear,2020-03-31
12,Extreme Fear,2020-04-01
14,Extreme Fear,2020-04-02
14,Extreme Fear,2020-04-03
12,Extreme Fear,2020-04-04
12,Extreme Fear,2020-04-05
12,Extreme Fear,2020-04-06
20,Extreme Fear,2020-04-07
21,Extreme Fear,2020-04-08
22,Extreme Fear,2020-04-09
15,Extreme Fear,2020-04-10
15,Extreme Fear,2020-04-11
10,Extreme Fear,2020-04-12
11,Extreme Fear,2020-04-13
15,Extreme Fear,2020-04-14
18,Extreme Fear,2020-04-15
13,Extreme Fear,2020-04-16
15,Extreme Fear,2020-04-17
18,Extreme Fear,2020-04-18
16,Extreme Fear,2020-04-19
15,Extreme Fear,2020-04-20
17,Extreme Fear,2020-04-21
19,Extreme Fear,2020-04-22
19,Extreme Fear,2020-04-23
20,Extreme Fear,2020-04-24
24,Extreme Fear,2020-04-25
21,Extreme Fear,2020-04-26
28,Fear,2020-04-27
26,Fear,2020-04-28
26,Fear,2020-04-29
44,Fear,2020-04-30
40,Fear,2020-05-01
40,Fear,2020-05-02
45,Neutral,2020-05-03
44,Fear,2020-05-04
40,Fear,2020-05-05
42,Fear,2020-05-06
49,Neutral,2020-05-07
55,Greed,2020-05-08
56,Greed,2020-05-09
48,Neutral,2020-05-10
40,Fear,2020-05-11
39,Fear,2020-05-12
41,Fear,2020-05-13
40,Fear,2020-05-14
44,Fear,2020-05-15
41,Fear,2020-05-16
40,Fear,2020-05-17
50,Neutral,2020-05-18
50,Neutral,2020-05-19
52,Neutral,2020-05-20
49,Neutral,2020-05-21
42,Fear,2020-05-22
40,Fear,2020-05-23
43,Fear,2020-05-24
41,Fear,2020-05-25
39,Fear,2020-05-26
39,Fear,2020-05-27
41,Fear,2020-05-28
48,Neutral,2020-05-29
48,Neutral,2020-05-30
51,Neutral,2020-05-31
50,Neutral,2020-06-01
56,Greed,2020-06-02
48,Neutral,2020-06-03
54,Neutral,2020-06-04
53,Neutral,2020-06-05
54,Neutral,2020-06-06
54,Neutral,2020-06-07
53,Neutral,2020-06-08
52,Neutral,2020-06-09
54,Neutral,2020-06-10
52,Neutral,2020-06-11
38,Fear,2020-06-12
38,Fear,2020-06-13
40,Fear,2020-06-14
37,Fear,2020-06-15
39,Fear,2020-06-16
38,Fear,2020-06-17
40,Fear,2020-06-18
39,Fear,2020-06-19
38,Fear,2020-06-20
37,Fear,2020-06-21
38,Fear,2020-06-22
41,Fear,2020-06-23
50,Neutral,2020-06-24
43,Fear,2020-06-25
40,Fear,2020-06-26
43,Fear,2020-06-27
40,Fear,2020-06-28
41,Fear,2020-06-29
44,Fear,2020-06-30
42,Fear,2020-07-01
42,Fear,2020-07-02
41,Fear,2020-07-03
40,Fear,2020-07-04
38,Fear,2020-07-05
40,Fear,2020-07-06
43,Fear,2020-07-07
44,Fear,2020-07-08
44,Fear,2020-07-09
41,Fear,2020-07-10
44,Fear,2020-07-11
41,Fear,2020-07-12
43,Fear,2020-07-13
43,Fear,2020-07-14
44,Fear,2020-07-15
43,Fear,2020-07-16
41,Fear,2020-07-17
44,Fear,2020-07-18
41,Fear,2020-07-19
44,Fear,2020-07-20
44,Fear,2020-07-21
50,Neutral,2020-07-22
55,Greed,2020-07-23
53,Neutral,2020-07-24
55,Greed,2020-07-25
55,Greed,2020-07-26
58,Greed,2020-07-27
76,Extreme Greed,2020-07-28
71,Greed,2020-07-29
76,Extreme Greed,2020-07-30
75,Extreme Greed,2020-07-31
75,Extreme Greed,2020-08-01
80,Extreme Greed,2020-08-02
75,Extreme Greed,2020-08-03
72,Greed,2020-08-04
75,Extreme Greed,2020-08-05
79,Extreme Greed,2020-08-06
77,Extreme Greed,2020-08-07
77,Extreme Greed,2020-08-08
79,Extreme Greed,2020-08-09
78,Extreme Greed,2020-08-10
84,Extreme Greed,2020-08-11
75,Extreme Greed,2020-08-12
75,Extreme Greed,2020-08-13
78,Extreme Greed,2020-08-14
79,Extreme Greed,2020-08-15
82,Extreme Greed,2020-08-16
83,Extreme Greed,2020-08-17
82,Extreme Greed,2020-08-18
80,Extreme Greed,2020-08-19
75,Extreme Greed,2020-08-20
81,Extreme Greed,2020-08-21
78,Extreme Greed,2020-08-22
76,Extreme Greed,2020-08-23
78,Extreme Greed,2020-08-24
75,Extreme Greed,2020-08-25
76,Extreme Greed,2020-08-26
75,Extreme Greed,2020-08-27
74,Greed,2020-08-28
79,Extreme Greed,2020-08-29
75,Extreme Greed,2020-08-30
75,Extreme Greed,2020-08-31
75,Extreme Greed,2020-09-01
83,Extreme Greed,2020-09-02
79,Extreme Greed,2020-09-03
40,Fear,2020-09-04
41,Fear,2020-09-05
41,Fear,2020-09-06
41,Fear,2020-09-07
41,Fear,2020-09-08
38,Fear,2020-09-09
38,Fear,2020-09-10
41,Fear,2020-09-11
41,Fear,2020-09-12
38,Fear,2020-09-13
39,Fear,2020-09-14
47,Neutral,2020-09-15
43,Fear,2020-09-16
48,Neutral,2020-09-17
49,Neutral,2020-09-18
48,Neutral,2020-09-19
52,Neutral,2020-09-20
48,Neutral,2020-09-21
39,Fear,2020-09-22
43,Fear,2020-09-23
39,Fear,2020-09-24
46,Neutral,2020-09-25
45,Neutral,2020-09-26
47,Neutral,2020-09-27
43,Fear,2020-09-28
45,Neutral,2020-09-29
49,Neutral,2020-09-30
45,Neutral,2020-10-01
41,Fear,2020-10-02
40,Fear,2020-10-03
42,Fear,2020-10-04
42,Fear,2020-10-05
47,Neutral,2020-10-06
43,Fear,2020-10-07
46,Neutral,2020-10-08
48,Neutral,2020-10-09
53,Neutral,2020-10-10
55,Greed,2020-10-11
52,Neutral,2020-10-12
56,Greed,2020-10-13
53,Neutral,2020-10-14
56,Greed,2020-10-15
52,Neutral,2020-10-16
56,Greed,2020-10-17
55,Greed,2020-10-18
55,Greed,2020-10-19
56,Greed,2020-10-20
61,Greed,2020-10-21
73,Greed,2020-10-22
74,Greed,2020-10-23
73,Greed,2020-10-24
76,Extreme Greed,2020-10-25
75,Extreme Greed,2020-10-26
61,Greed,2020-10-27
70,Greed,2020-10-28
67,Greed,2020-10-29
74,Greed,2020-10-30
73,Greed,2020-10-31
72,Greed,2020-11-01
71,Greed,2020-11-02
71,Greed,2020-11-03
74,Greed,2020-11-04
72,Greed,2020-11-05
90,Extreme Greed,2020-11-06
88,Extreme Greed,2020-11-07
82,Extreme Greed,2020-11-08
90,Extreme Greed,2020-11-09
90,Extreme Greed,2020-11-10
86,Extreme Greed,2020-11-11
87,Extreme Greed,2020-11-12
89,Extreme Greed,2020-11-13
90,Extreme Greed,2020-11-14
86,Extreme Greed,2020-11-15
90,Extreme Greed,2020-11-16
86,Extreme Greed,2020-11-17
91,Extreme Greed,2020-11-18
94,Extreme Greed,2020-11-19
86,Extreme Greed,2020-11-20
91,Extreme Greed,2020-11-21
94,Extreme Greed,2020-11-22
90,Extreme Greed,2020-11-23
88,Extreme Greed,2020-11-24
94,Extreme Greed,2020-11-25
93,Extreme Greed,2020-11-26
86,Extreme Greed,2020-11-27
87,Extreme Greed,2020-11-28
89,Extreme Greed,2020-11-29
88,Extreme Greed,2020-11-30
95,Extreme Greed,2020-12-01
92,Extreme Greed,2020-12-02
92,Extreme Greed,2020-12-03
92,Extreme Greed,2020-12-04
93,Extreme Greed,2020-12-05
95,Extreme Greed,2020-12-06
94,Extreme Greed,2020-12-07
95,Extreme Greed,2020-12-08
86,Extreme Greed,2020-12-09
94,Extreme Greed,2020-12-10
89,Extreme Greed,2020-12-11
90,Extreme Greed,2020-12-12
91,Extreme Greed,2020-12-13
95,Extreme Greed,2020-12-14
91,Extreme Greed,2020-12-15
92,Extreme Greed,2020-12-16
92,Extreme Greed,2020-12-17
95,Extreme Greed,2020-12-18
93,Extreme Greed,2020-12-19
92,Extreme Greed,2020-12-20
92,Extreme Greed,2020-12-21
88,Extreme Greed,2020-12-22
93,Extreme Greed,2020-12-23
86,Extreme Greed,2020-12-24
94,Extreme Greed,2020-12-25
93,Extreme Greed,2020-12-26
91,Extreme Greed,2020-12-27
92,Extreme Greed,2020-12-28
91,Extreme Greed,2020-12-29
91,Extreme Greed,2020-12-30
95,Extreme Greed,2020-12-31
94,Extreme Greed,2021-01-01
94,Extreme Greed,2021-01-02
93,Extreme Greed,2021-01-03
94,Extreme Greed,2021-01-04
93,Extreme Greed,2021-01-05
95,Extreme Greed,2021-01-06
91,Extreme Greed,2021-01-07
93,Extreme Greed,2021-01-08
93,Extreme Greed,2021-01-09
94,Extreme Greed,2021-01-10
90,Extreme Greed,2021-01-11
84,Extreme Greed,2021-01-12
78,Extreme Greed,2021-01-13
83,Extreme Greed,2021-01-14
88,Extreme Greed,2021-01-15
84,Extreme Greed,2021-01-16
79,Extreme Greed,2021-01-17
79,Extreme Greed,2021-01-18
80,Extreme Greed,2021-01-19
78,Extreme Greed,2021-01-20
75,Extreme Greed,2021-01-21
40,Fear,2021-01-22
74,Greed,2021-01-23
70,Greed,2021-01-24
74,Greed,2021-01-25
71,Greed,2021-01-26
78,Extreme Greed,2021-01-27
55,Greed,2021-01-28
77,Extreme Greed,2021-01-29
76,Extreme Greed,2021-01-30
78,Extreme Greed,2021-01-31
77,Extreme Greed,2021-02-01
76,Extreme Greed,2021-02-02
78,Extreme Greed,2021-02-03
80,Extreme Greed,2021-02-04
81,Extreme Greed,2021-02-05
84,Extreme Greed,2021-02-06
86,Extreme Greed,2021-02-07
83,Extreme Greed,2021-02-08
95,Extreme Greed,2021-02-09
92,Extreme Greed,2021-02-10
93,Extreme Greed,2021-02-11
92,Extreme Greed,2021-02-12
92,Extreme Greed,2021-02-13
95,Extreme Greed,2021-02-14
93,Extreme Greed,2021-02-15
95,Extreme Greed,2021-02-16
95,Extreme Greed,2021-02-17
91,Extreme Greed,2021-02-18
93,Extreme Greed,2021-02-19
91,Extreme Greed,2021-02-20
91,Extreme Greed,2021-02-21
94,Extreme Greed,2021-02-22
94,Extreme Greed,2021-02-23
76,Extreme Greed,2021-02-24
79,Extreme Greed,2021-02-25
55,Greed,2021-02-26
56,Greed,2021-02-27
55,Greed,2021-02-28
38,Fear,2021-03-01
78,Extreme Greed,2021-03-02
78,Extreme Greed,2021-03-03
84,Extreme Greed,2021-03-04
77,Extreme Greed,2021-03-05
77,Extreme Greed,2021-03-06
76,Extreme Greed,2021-03-07
81,Extreme Greed,2021-03-08
81,Extreme Greed,2021-03-09
68,Greed,2021-03-10
73,Greed,2021-03-11
70,Greed,2021-03-12
74,Greed,2021-03-13
78,Extreme Greed,2021-03-14
76,Extreme Greed,2021-03-15
71,Greed,2021-03-16
71,Greed,2021-03-17
72,Greed,2021-03-18
71,Greed,2021-03-19
75,Extreme Greed,2021-03-20
73,Greed,2021-03-21
70,Greed,2021-03-22
66,Greed,2021-03-23
65,Greed,2021-03-24
60,Greed,2021-03-25
54,Neutral,2021-03-26
65,Greed,2021-03-27
74,Greed,2021-03-28
72,Greed,2021-03-29
72,Greed,2021-03-30
76,Extreme Greed,2021-03-31
74,Greed,2021-04-01
74,Greed,2021-04-02
73,Greed,2021-04-03
74,Greed,2021-04-04
71,Greed,2021-04-05
75,Extreme Greed,2021-04-06
72,Greed,2021-04-07
73,Greed,2021-04-08
70,Greed,2021-04-09
70,Greed,2021-04-10
76,Extreme Greed,2021-04-11
74,Greed,2021-04-12
74,Greed,2021-04-13
75,Extreme Greed,2021-04-14
79,Extreme Greed,2021-04-15
78,Extreme Greed,2021-04-16
76,Extreme Greed,2021-04-17
79,Extreme Greed,2021-04-18
74,Greed,2021-04-19
73,Greed,2021-04-20
73,Greed,2021-04-21
65,Greed,2021-04-22
55,Greed,2021-04-23
37,Fear,2021-04-24
31,Fear,2021-04-25
27,Fear,2021-04-26
50,Neutral,2021-04-27
59,Greed,2021-04-28
52,Neutral,2021-04-29
51,Neutral,2021-04-30
68,Greed,2021-05-01
66,Greed,2021-05-02
61,Greed,2021-05-03
68,Greed,2021-05-04
48,Neutral,2021-05-05
65,Greed,2021-05-06
64,Greed,2021-05-07
67,Greed,2021-05-08
73,Greed,2021-05-09
72,Greed,2021-05-10
61,Greed,2021-05-11
68,Greed,2021-05-12
31,Fear,2021-05-13
26,Fear,2021-05-14
27,Fear,2021-05-15
20,Extreme Fear,2021-05-16
27,Fear,2021-05-17
21,Extreme Fear,2021-05-18
23,Extreme Fear,2021-05-19
11,Extreme Fear,2021-05-20
19,Extreme Fear,2021-05-21
12,Extreme Fear,2021-05-22
14,Extreme Fear,2021-05-23
10,Extreme Fear,2021-05-24
22,Extreme Fear,2021-05-25
22,Extreme Fear,2021-05-26
27,Fear,2021-05-27
21,Extreme Fear,2021-05-28
18,Extreme Fear,2021-05-29
10,Extreme Fear,2021-05-30
18,Extreme Fear,2021-05-31
20,Extreme Fear,2021-06-01
23,Extreme Fear,2021-06-02
24,Extreme Fear,2021-06-03
27,Fear,2021-06-04
24,Extreme Fear,2021-06-05
17,Extreme Fear,2021-06-06
15,Extreme Fear,2021-06-07
13,Extreme Fear,2021-06-08
14,Extreme Fear,2021-06-09
21,Extreme Fear,2021-06-10
21,Extreme Fear,2021-06-11
28,Fear,2021-06-12
23,Extreme Fear,2021-06-13
28,Fear,2021-06-14
38,Fear,2021-06-15
33,Fear,2021-06-16
26,Fear,2021-06-17
25,Fear,2021-06-18
23,Extreme Fear,2021-06-19
21,Extreme Fear,2021-06-20
23,Extreme Fear,2021-06-21
10,Extreme Fear,2021-06-22
14,Extreme Fear,2021-06-23
22,Extreme Fear,2021-06-24
27,Fear,2021-06-25
20,Extreme Fear,2021-06-26
22,Extreme Fear,2021-06-27
25,Fear,2021-06-28
25,Fear,2021-06-29
28,Fear,2021-06-30
28,Fear,2021-07-01
21,Extreme Fear,2021-07-02
24,Extreme Fear,2021-07-03
27,Fear,2021-07-04
29,Fear,2021-07-05
20,Extreme Fear,2021-07-06
28,Fear,2021-07-07
20,Extreme Fear,2021-07-08
20,Extreme Fear,2021-07-09
20,Extreme Fear,2021-07-10
20,Extreme Fear,2021-07-11
25,Fear,2021-07-12
20,Extreme Fear,2021-07-13
21,Extreme Fear,2021-07-14
20,Extreme Fear,2021-07-15
22,Extreme Fear,2021-07-16
15,Extreme Fear,2021-07-17
19,Extreme Fear,2021-07-18
24,Extreme Fear,2021-07-19
19,Extreme Fear,2021-07-20
10,Extreme Fear,2021-07-21
21,Extreme Fear,2021-07-22
23,Extreme Fear,2021-07-23
22,Extreme Fear,2021-07-24
27,Fear,2021-07-25
26,Fear,2021-07-26
32,Fear,2021-07-27
50,Neutral,2021-07-28
50,Neutral,2021-07-29
53,Neutral,2021-07-30
60,Greed,2021-07-31
60,Greed,2021-08-01
48,Neutral,2021-08-02
48,Neutral,2021-08-03
42,Fear,2021-08-04
50,Neutral,2021-08-05
52,Neutral,2021-08-06
69,Greed,2021-08-07
74,Greed,2021-08-08
65,Greed,2021-08-09
71,Greed,2021-08-10
70,Greed,2021-08-11
70,Greed,2021-08-12
70,Greed,2021-08-13
76,Extreme Greed,2021-08-14
71,Greed,2021-08-15
72,Greed,2021-08-16
72,Greed,2021-08-17
73,Greed,2021-08-18
70,Greed,2021-08-19
70,Greed,2021-08-20
78,Extreme Greed,2021-08-21
76,Extreme Greed,2021-08-22
79,Extreme Greed,2021-08-23
79,Extreme Greed,2021-08-24
73,Greed,2021-08-25
75,Extreme Greed,2021-08-26
71,Greed,2021-08-27
78,Extreme Greed,2021-08-28
72,Greed,2021-08-29
73,Greed,2021-08-30
73,Greed,2021-08-31
71,Greed,2021-09-01
74,Greed,2021-09-02
74,Greed,2021-09-03
72,Greed,2021-09-04
73,Greed,2021-09-05
79,Extreme Greed,2021-09-06
79,Extreme Greed,2021-09-07
47,Neutral,2021-09-08
45,Neutral,2021-09-09
46,Neutral,2021-09-10
31,Fear,2021-09-11
32,Fear,2021-09-12
44,Fear,2021-09-13
30,Fear,2021-09-14
49,Neutral,2021-09-15
53,Neutral,2021-09-16
48,Neutral,2021-09-17
50,Neutral,2021-09-18
53,Neutral,2021-09-19
50,Neutral,2021-09-20
27,Fear,2021-09-21
21,Extreme Fear,2021-09-22
27,Fear,2021-09-23
33,Fear,2021-09-24
28,Fear,2021-09-25
27,Fear,2021-09-26
26,Fear,2021-09-27
25,Fear,2021-09-28
24,Extreme Fear,2021-09-29
20,Extreme Fear,2021-09-30
27,Fear,2021-10-01
54,Neutral,2021-10-02
49,Neutral,2021-10-03
54,Neutral,2021-10-04
59,Greed,2021-10-05
68,Greed,2021-10-06
76,Extreme Greed,2021-10-07
74,Greed,2021-10-08
72,Greed,2021-10-09
71,Greed,2021-10-10
71,Greed,2021-10-11
78,Extreme Greed,2021-10-12
70,Greed,2021-10-13
70,Greed,2021-10-14
71,Greed,2021-10-15
78,Extreme Greed,2021-10-16
79,Extreme Greed,2021-10-17
78,Extreme Greed,2021-10-18
75,Extreme Greed,2021-10-19
82,Extreme Greed,2021-10-20
84,Extreme Greed,2021-10-21
75,Extreme Greed,2021-10-22
74,Greed,2021-10-23
73,Greed,2021-10-24
72,Greed,2021-10-25
76,Extreme Greed,2021-10-26
73,Greed,2021-10-27
66,Greed,2021-10-28
70,Greed,2021-10-29
73,Greed,2021-10-30
74,Greed,2021-10-31
74,Greed,2021-11-01
73,Greed,2021-11-02
76,Extreme Greed,2021-11-03
73,Greed,2021-11-04
73,Greed,2021-11-05
71,Greed,2021-11-06
73,Greed,2021-11-07
75,Extreme Greed,2021-11-08
84,Extreme Greed,2021-11-09
75,Extreme Greed,2021-11-10
77,Extreme Greed,2021-11-11
74,Greed,2021-11-12
72,Greed,2021-11-13
74,Greed,2021-11-14
72,Greed,2021-11-15
71,Greed,2021-11-16
52,Neutral,2021-11-17
54,Neutral,2021-11-18
34,Fear,2021-11-19
43,Fear,2021-11-20
49,Neutral,2021-11-21
50,Neutral,2021-11-22
33,Fear,2021-11-23
42,Fear,2021-11-24
32,Fear,2021-11-25
47,Neutral,2021-11-26
21,Extreme Fear,2021-11-27
27,Fear,2021-11-28
33,Fear,2021-11-29
40,Fear,2021-11-30
34,Fear,2021-12-01
32,Fear,2021-12-02
31,Fear,2021-12-03
25,Fear,2021-12-04
18,Extreme Fear,2021-12-05
16,Extreme Fear,2021-12-06
25,Fear,2021-12-07
28,Fear,2021-12-08
29,Fear,2021-12-09
24,Extreme Fear,2021-12-10
16,Extreme Fear,2021-12-11
27,Fear,2021-12-12
28,Fear,2021-12-13
21,Extreme Fear,2021-12-14
28,Fear,2021-12-15
29,Fear,2021-12-16
23,Extreme Fear,2021-12-17
24,Extreme Fear,2021-12-18
29,Fear,2021-12-19
25,Fear,2021-12-20
27,Fear,2021-12-21
45,Neutral,2021-12-22
34,Fear,2021-12-23
41,Fear,2021-12-24
39,Fear,2021-12-25
37,Fear,2021-12-26
40,Fear,2021-12-27
41,Fear,2021-12-28
27,Fear,2021-12-29
22,Extreme Fear,2021-12-30
28,Fear,2021-12-31
21,Extreme Fear,2022-01-01
29,Fear,2022-01-02
29,Fear,2022-01-03
23,Extreme Fear,2022-01-04
24,Extreme Fear,2022-01-05
15,Extreme Fear,2022-01-06
18,Extreme Fear,2022-01-07
10,Extreme Fear,2022-01-08
23,Extreme Fear,2022-01-09
23,Extreme Fear,2022-01-10
21,Extreme Fear,2022-01-11
22,Extreme Fear,2022-01-12
21,Extreme Fear,2022-01-13
21,Extreme Fear,2022-01-14
23,Extreme Fear,2022-01-15
21,Extreme Fear,2022-01-16
22,Extreme Fear,2022-01-17
24,Extreme Fear,2022-01-18
24,Extreme Fear,2022-01-19
24,Extreme Fear,2022-01-20
19,Extreme Fear,2022-01-21
13,Extreme Fear,2022-01-22
11,Extreme Fear,2022-01-23
13,Extreme Fear,2022-01-24
12,Extreme Fear,2022-01-25
23,Extreme Fear,2022-01-26
20,Extreme Fear,2022-01-27
24,Extreme Fear,2022-01-28
24,Extreme Fear,2022-01-29
29,Fear,2022-01-30
20,Extreme Fear,2022-01-31
26,Fear,2022-02-01
28,Fear,2022-02-02
20,Extreme Fear,2022-02-03
20,Extreme Fear,2022-02-04
33,Fear,2022-02-05
37,Fear,2022-02-06
45,Neutral,2022-02-07
48,Neutral,2022-02-08
54,Neutral,2022-02-09
50,Neutral,2022-02-10
50,Neutral,2022-02-11
44,Fear,2022-02-12
44,Fear,2022-02-13
46,Neutral,2022-02-14
46,Neutral,2022-02-15
51,Neutral,2022-02-16
52,Neutral,2022-02-17
30,Fear,2022-02-18
25,Fear,2022-02-19
27,Fear,2022-02-20
25,Fear,2022-02-21
20,Extreme Fear,2022-02-22
25,Fear,2022-02-23
23,Extreme Fear,2022-02-24
27,Fear,2022-02-25
26,Fear,2022-02-26
26,Fear,2022-02-27
20,Extreme Fear,2022-02-28
51,Neutral,2022-03-01
52,Neutral,2022-03-02
39,Fear,2022-03-03
33,Fear,2022-03-04
22,Extreme Fear,2022-03-05
22,Extreme Fear,2022-03-06
23,Extreme Fear,2022-03-07
21,Extreme Fear,2022-03-08
22,Extreme Fear,2022-03-09
28,Fear,2022-03-10
22,Extreme Fear,2022-03-11
22,Extreme Fear,2022-03-12
21,Extreme Fear,2022-03-13
23,Extreme Fear,2022-03-14
21,Extreme Fear,2022-03-15
24,Extreme Fear,2022-03-16
27,Fear,2022-03-17
25,Fear,2022-03-18
28,Fear,2022-03-19
31,Fear,2022-03-20
30,Fear,2022-03-21
26,Fear,2022-03-22
31,Fear,2022-03-23
40,Fear,2022-03-24
47,Neutral,2022-03-25
51,Neutral,2022-03-26
49,Neutral,2022-03-27
60,Greed,2022-03-28
56,Greed,2022-03-29
55,Greed,2022-03-30
52,Neutral,2022-03-31
50,Neutral,2022-04-01
52,Neutral,2022-04-02
48,Neutral,2022-04-03
52,Neutral,2022-04-04
53,Neutral,2022-04-05
48,Neutral,2022-04-06
34,Fear,2022-04-07
37,Fear,2022-04-08
30,Fear,2022-04-09
34,Fear,2022-04-10
32,Fear,2022-04-11
20,Extreme Fear,2022-04-12
25,Fear,2022-04-13
28,Fear,2022-04-14
22,Extreme Fear,2022-04-15
28,Fear,2022-04-16
28,Fear,2022-04-17
24,Extreme Fear,2022-04-18
27,Fear,2022-04-19
27,Fear,2022-04-20
27,Fear,2022-04-21
26,Fear,2022-04-22
24,Extreme Fear,2022-04-23
24,Extreme Fear,2022-04-24
23,Extreme Fear,2022-04-25
27,Fear,2022-04-26
21,Extreme Fear,2022-04-27
24,Extreme Fear,2022-04-28
23,Extreme Fear,2022-04-29
20,Extreme Fear,2022-04-30
22,Extreme Fear,2022-05-01
28,Fear,2022-05-02
27,Fear,2022-05-03
21,Extreme Fear,2022-05-04
27,Fear,2022-05-05
22,Extreme Fear,2022-05-06
23,Extreme Fear,2022-05-07
18,Extreme Fear,2022-05-08
11,Extreme Fear,2022-05-09
10,Extreme Fear,2022-05-10
12,Extreme Fear,2022-05-11
12,Extreme Fear,2022-05-12
10,Extreme Fear,2022-05-13
9,Extreme Fear,2022-05-14
10,Extreme Fear,2022-05-15
14,Extreme Fear,2022-05-16
8,Extreme Fear,2022-05-17
12,Extreme Fear,2022-05-18
13,Extreme Fear,2022-05-19
13,Extreme Fear,2022-05-20
13,Extreme Fear,2022-05-21
14,Extreme Fear,2022-05-22
10,Extreme Fear,2022-05-23
12,Extreme Fear,2022-05-24
11,Extreme Fear,2022-05-25
12,Extreme Fear,2022-05-26
12,Extreme Fear,2022-05-27
13,Extreme Fear,2022-05-28
14,Extreme Fear,2022-05-29
10,Extreme Fear,2022-05-30
16,Extreme Fear,2022-05-31
17,Extreme Fear,2022-06-01
13,Extreme Fear,2022-06-02
10,Extreme Fear,2022-06-03
14,Extreme Fear,2022-06-04
10,Extreme Fear,2022-06-05
13,Extreme Fear,2022-06-06
15,Extreme Fear,2022-06-07
17,Extreme Fear,2022-06-08
11,Extreme Fear,2022-06-09
13,Extreme Fear,2022-06-10
12,Extreme Fear,2022-06-11
14,Extreme Fear,2022-06-12
11,Extreme Fear,2022-06-13
8,Extreme Fear,2022-06-14
7,Extreme Fear,2022-06-15
7,Extreme Fear,2022-06-16
9,Extreme Fear,2022-06-17
6,Extreme Fear,2022-06-18
6,Extreme Fear,2022-06-19
9,Extreme Fear,2022-06-20
9,Extreme Fear,2022-06-21
11,Extreme Fear,2022-06-22
11,Extreme Fear,2022-06-23
11,Extreme Fear,2022-06-24
14,Extreme Fear,2022-06-25
14,Extreme Fear,2022-06-26
12,Extreme Fear,2022-06-27
10,Extreme Fear,2022-06-28
13,Extreme Fear,2022-06-29
11,Extreme Fear,2022-06-30
11,Extreme Fear,2022-07-01
14,Extreme Fear,2022-07-02
11,Extreme Fear,2022-07-03
14,Extreme Fear,2022-07-04
19,Extreme Fear,2022-07-05
18,Extreme Fear,2022-07-06
18,Extreme Fear,2022-07-07
20,Extreme Fear,2022-07-08
24,Extreme Fear,2022-07-09
24,Extreme Fear,2022-07-10
22,Extreme Fear,2022-07-11
16,Extreme Fear,2022-07-12
15,Extreme Fear,2022-07-13
18,Extreme Fear,2022-07-14
15,Extreme Fear,2022-07-15
21,Extreme Fear,2022-07-16
24,Extreme Fear,2022-07-17
20,Extreme Fear,2022-07-18
30,Fear,2022-07-19
31,Fear,2022-07-20
34,Fear,2022-07-21
33,Fear,2022-07-22
31,Fear,2022-07-23
30,Fear,2022-07-24
30,Fear,2022-07-25
26,Fear,2022-07-26
28,Fear,2022-07-27
32,Fear,2022-07-28
39,Fear,2022-07-29
42,Fear,2022-07-30
39,Fear,2022-07-31
33,Fear,2022-08-01
31,Fear,2022-08-02
34,Fear,2022-08-03
30,Fear,2022-08-04
31,Fear,2022-08-05
31,Fear,2022-08-06
30,Fear,2022-08-07
30,Fear,2022-08-08
42,Fear,2022-08-09
31,Fear,2022-08-10
41,Fear,2022-08-11
42,Fear,2022-08-12
46,Neutral,2022-08-13
47,Neutral,2022-08-14
45,Neutral,2022-08-15
44,Fear,2022-08-16
41,Fear,2022-08-17
30,Fear,2022-08-18
33,Fear,2022-08-19
29,Fear,2022-08-20
27,Fear,2022-08-21
29,Fear,2022-08-22
28,Fear,2022-08-23
25,Fear,2022-08-24
25,Fear,2022-08-25
27,Fear,2022-08-26
28,Fear,2022-08-27
28,Fear,2022-08-28
24,Extreme Fear,2022-08-29
27,Fear,2022-08-30
23,Extreme Fear,2022-08-31
20,Extreme Fear,2022-09-01
25,Fear,2022-09-02
21,Extreme Fear,2022-09-03
20,Extreme Fear,2022-09-04
23,Extreme Fear,2022-09-05
22,Extreme Fear,2022-09-06
24,Extreme Fear,2022-09-07
20,Extreme Fear,2022-09-08
22,Extreme Fear,2022-09-09
28,Fear,2022-09-10
26,Fear,2022-09-11
25,Fear,2022-09-12
34,Fear,2022-09-13
27,Fear,2022-09-14
28,Fear,2022-09-15
20,Extreme Fear,2022-09-16
22,Extreme Fear,2022-09-17
27,Fear,2022-09-18
21,Extreme Fear,2022-09-19
23,Extreme Fear,2022-09-20
23,Extreme Fear,2022-09-21
22,Extreme Fear,2022-09-22
20,Extreme Fear,2022-09-23
24,Extreme Fear,2022-09-24
24,Extreme Fear,2022-09-25
21,Extreme Fear,2022-09-26
20,Extreme Fear,2022-09-27
20,Extreme Fear,2022-09-28
22,Extreme Fear,2022-09-29
21,Extreme Fear,2022-09-30
20,Extreme Fear,2022-10-01
24,Extreme Fear,2022-10-02
24,Extreme Fear,2022-10-03
20,Extreme Fear,2022-10-04
25,Fear,2022-10-05
26,Fear,2022-10-06
23,Extreme Fear,2022-10-07
24,Extreme Fear,2022-10-08
22,Extreme Fear,2022-10-09
22,Extreme Fear,2022-10-10
24,Extreme Fear,2022-10-11
20,Extreme Fear,2022-10-12
20,Extreme Fear,2022-10-13
24,Extreme Fear,2022-10-14
24,Extreme Fear,2022-10-15
24,Extreme Fear,2022-10-16
20,Extreme Fear,2022-10-17
22,Extreme Fear,2022-10-18
23,Extreme Fear,2022-10-19
23,Extreme Fear,2022-10-20
23,Extreme Fear,2022-10-21
20,Extreme Fear,2022-10-22
23,Extreme Fear,2022-10-23
22,Extreme Fear,2022-10-24
20,Extreme Fear,2022-10-25
33,Fear,2022-10-26
32,Fear,2022-10-27
30,Fear,2022-10-28
34,Fear,2022-10-29
34,Fear,2022-10-30
31,Fear,2022-10-31
30,Fear,2022-11-01
30,Fear,2022-11-02
30,Fear,2022-11-03
30,Fear,2022-11-04
38,Fear,2022-11-05
40,Fear,2022-11-06
33,Fear,2022-11-07
31,Fear,2022-11-08
29,Fear,2022-11-09
22,Extreme Fear,2022-11-10
25,Fear,2022-11-11
21,Extreme Fear,2022-11-12
22,Extreme Fear,2022-11-13
24,Extreme Fear,2022-11-14
22,Extreme Fear,2022-11-15
23,Extreme Fear,2022-11-16
20,Extreme Fear,2022-11-17
23,Extreme Fear,2022-11-18
23,Extreme Fear,2022-11-19
24,Extreme Fear,2022-11-20
21,Extreme Fear,2022-11-21
22,Extreme Fear,2022-11-22
22,Extreme Fear,2022-11-23
20,Extreme Fear,2022-11-24
20,Extreme Fear,2022-11-25
22,Extreme Fear,2022-11-26
26,Fear,2022-11-27
28,Fear,2022-11-28
26,Fear,2022-11-29
29,Fear,2022-11-30
27,Fear,2022-12-01
27,Fear,2022-12-02
27,Fear,2022-12-03
26,Fear,2022-12-04
26,Fear,2022-12-05
25,Fear,2022-12-06
29,Fear,2022-12-07
25,Fear,2022-12-08
26,Fear,2022-12-09
27,Fear,2022-12-10
26,Fear,2022-12-11
27,Fear,2022-12-12
27,Fear,2022-12-13
30,Fear,2022-12-14
31,Fear,2022-12-15
29,Fear,2022-12-16
28,Fear,2022-12-17
26,Fear,2022-12-18
29,Fear,2022-12-19
29,Fear,2022-12-20
26,Fear,2022-12-21
28,Fear,2022-12-22
27,Fear,2022-12-23
29,Fear,2022-12-24
29,Fear,2022-12-25
28,Fear,2022-12-26
27,Fear,2022-12-27
28,Fear,2022-12-28
28,Fear,2022-12-29
28,Fear,2022-12-30
25,Fear,2022-12-31
26,Fear,2023-01-01
27,Fear,2023-01-02
26,Fear,2023-01-03
29,Fear,2023-01-04
29,Fear,2023-01-05
26,Fear,2023-01-06
25,Fear,2023-01-07
25,Fear,2023-01-08
25,Fear,2023-01-09
26,Fear,2023-01-10
26,Fear,2023-01-11
30,Fear,2023-01-12
31,Fear,2023-01-13
46,Neutral,2023-01-14
52,Neutral,2023-01-15
45,Neutral,2023-01-16
51,Neutral,2023-01-17
52,Neutral,2023-01-18
45,Neutral,2023-01-19
51,Neutral,2023-01-20
53,Neutral,2023-01-21
53,Neutral,2023-01-22
50,Neutral,2023-01-23
52,Neutral,2023-01-24
51,Neutral,2023-01-25
54,Neutral,2023-01-26
55,Greed,2023-01-27
52,Neutral,2023-01-28
55,Greed,2023-01-29
61,Greed,2023-01-30
51,Neutral,2023-01-31
56,Greed,2023-02-01
60,Greed,2023-02-02
60,Greed,2023-02-03
58,Greed,2023-02-04
58,Greed,2023-02-05
56,Greed,2023-02-06
54,Neutral,2023-02-07
58,Greed,2023-02-08
55,Greed,2023-02-09
48,Neutral,2023-02-10
49,Neutral,2023-02-11
50,Neutral,2023-02-12
48,Neutral,2023-02-13
50,Neutral,2023-02-14
53,Neutral,2023-02-15
62,Greed,2023-02-16
61,Greed,2023-02-17
60,Greed,2023-02-18
60,Greed,2023-02-19
58,Greed,2023-02-20
60,Greed,2023-02-21
59,Greed,2023-02-22
56,Greed,2023-02-23
53,Neutral,2023-02-24
52,Neutral,2023-02-25
51,Neutral,2023-02-26
50,Neutral,2023-02-27
53,Neutral,2023-02-28
50,Neutral,2023-03-01
51,Neutral,2023-03-02
50,Neutral,2023-03-03
50,Neutral,2023-03-04
47,Neutral,2023-03-05
48,Neutral,2023-03-06
49,Neutral,2023-03-07
50,Neutral,2023-03-08
44,Fear,2023-03-09
34,Fear,2023-03-10
33,Fear,2023-03-11
33,Fear,2023-03-12
49,Neutral,2023-03-13
56,Greed,2023-03-14
50,Neutral,2023-03-15
52,Neutral,2023-03-16
51,Neutral,2023-03-17
64,Greed,2023-03-18
63,Greed,2023-03-19
66,Greed,2023-03-20
68,Greed,2023-03-21
62,Greed,2023-03-22
57,Greed,2023-03-23
61,Greed,2023-03-24
64,Greed,2023-03-25
64,Greed,2023-03-26
64,Greed,2023-03-27
59,Greed,2023-03-28
57,Greed,2023-03-29
60,Greed,2023-03-30
63,Greed,2023-03-31
61,Greed,2023-04-01
63,Greed,2023-04-02
63,Greed,2023-04-03
62,Greed,2023-04-04
62,Greed,2023-04-05
63,Greed,2023-04-06
64,Greed,2023-04-07
61,Greed,2023-04-08
61,Greed,2023-04-09
62,Greed,2023-04-10
68,Greed,2023-04-11
65,Greed,2023-04-12
61,Greed,2023-04-13
68,Greed,2023-04-14
68,Greed,2023-04-15
68,Greed,2023-04-16
69,Greed,2023-04-17
58,Greed,2023-04-18
63,Greed,2023-04-19
52,Neutral,2023-04-20
50,Neutral,2023-04-21
53,Neutral,2023-04-22
56,Greed,2023-04-23
53,Neutral,2023-04-24
53,Neutral,2023-04-25
56,Greed,2023-04-26
59,Greed,2023-04-27
64,Greed,2023-04-28
64,Greed,2023-04-29
60,Greed,2023-04-30
63,Greed,2023-05-01
55,Greed,2023-05-02
64,Greed,2023-05-03
64,Greed,2023-05-04
61,Greed,2023-05-05
60,Greed,2023-05-06
64,Greed,2023-05-07
60,Greed,2023-05-08
51,Neutral,2023-05-09
52,Neutral,2023-05-10
52,Neutral,2023-05-11
49,Neutral,2023-05-12
48,Neutral,2023-05-13
48,Neutral,2023-05-14
50,Neutral,2023-05-15
54,Neutral,2023-05-16
50,Neutral,2023-05-17
51,Neutral,2023-05-18
48,Neutral,2023-05-19
48,Neutral,2023-05-20
52,Neutral,2023-05-21
49,Neutral,2023-05-22
50,Neutral,2023-05-23
50,Neutral,2023-05-24
51,Neutral,2023-05-25
49,Neutral,2023-05-26
48,Neutral,2023-05-27
50,Neutral,2023-05-28
52,Neutral,2023-05-29
51,Neutral,2023-05-30
51,Neutral,2023-05-31
52,Neutral,2023-06-01
50,Neutral,2023-06-02
53,Neutral,2023-06-03
52,Neutral,2023-06-04
53,Neutral,2023-06-05
44,Fear,2023-06-06
53,Neutral,2023-06-07
50,Neutral,2023-06-08
50,Neutral,2023-06-09
49,Neutral,2023-06-10
47,Neutral,2023-06-11
47,Neutral,2023-06-12
45,Neutral,2023-06-13
46,Neutral,2023-06-14
41,Fear,2023-06-15
47,Neutral,2023-06-16
47,Neutral,2023-06-17
49,Neutral,2023-06-18
47,Neutral,2023-06-19
49,Neutral,2023-06-20
59,Greed,2023-06-21
65,Greed,2023-06-22
65,Greed,2023-06-23
62,Greed,2023-06-24
64,Greed,2023-06-25
55,Greed,2023-06-26
59,Greed,2023-06-27
62,Greed,2023-06-28
54,Neutral,2023-06-29
56,Greed,2023-06-30
59,Greed,2023-07-01
63,Greed,2023-07-02
62,Greed,2023-07-03
64,Greed,2023-07-04
61,Greed,2023-07-05
56,Greed,2023-07-06
55,Greed,2023-07-07
58,Greed,2023-07-08
55,Greed,2023-07-09
56,Greed,2023-07-10
57,Greed,2023-07-11
64,Greed,2023-07-12
57,Greed,2023-07-13
60,Greed,2023-07-14
56,Greed,2023-07-15
57,Greed,2023-07-16
54,Neutral,2023-07-17
56,Greed,2023-07-18
50,Neutral,2023-07-19
56,Greed,2023-07-20
50,Neutral,2023-07-21
52,Neutral,2023-07-22
54,Neutral,2023-07-23
55,Greed,2023-07-24
50,Neutral,2023-07-25
51,Neutral,2023-07-26
51,Neutral,2023-07-27
52,Neutral,2023-07-28
52,Neutral,2023-07-29
52,Neutral,2023-07-30
50,Neutral,2023-07-31
53,Neutral,2023-08-01
53,Neutral,2023-08-02
52,Neutral,2023-08-03
54,Neutral,2023-08-04
50,Neutral,2023-08-05
49,Neutral,2023-08-06
49,Neutral,2023-08-07
54,Neutral,2023-08-08
50,Neutral,2023-08-09
53,Neutral,2023-08-10
51,Neutral,2023-08-11
54,Neutral,2023-08-12
54,Neutral,2023-08-13
50,Neutral,2023-08-14
53,Neutral,2023-08-15
52,Neutral,2023-08-16
50,Neutral,2023-08-17
37,Fear,2023-08-18
39,Fear,2023-08-19
37,Fear,2023-08-20
38,Fear,2023-08-21
37,Fear,2023-08-22
37,Fear,2023-08-23
41,Fear,2023-08-24
39,Fear,2023-08-25
38,Fear,2023-08-26
38,Fear,2023-08-27
39,Fear,2023-08-28
39,Fear,2023-08-29
49,Neutral,2023-08-30
52,Neutral,2023-08-31
40,Fear,2023-09-01
39,Fear,2023-09-02
40,Fear,2023-09-03
40,Fear,2023-09-04
40,Fear,2023-09-05
42,Fear,2023-09-06
41,Fear,2023-09-07
46,Neutral,2023-09-08
41,Fear,2023-09-09
40,Fear,2023-09-10
40,Fear,2023-09-11
30,Fear,2023-09-12
41,Fear,2023-09-13
45,Neutral,2023-09-14
45,Neutral,2023-09-15
43,Fear,2023-09-16
46,Neutral,2023-09-17
46,Neutral,2023-09-18
46,Neutral,2023-09-19
47,Neutral,2023-09-20
47,Neutral,2023-09-21
43,Fear,2023-09-22
47,Neutral,2023-09-23
44,Fear,2023-09-24
47,Neutral,2023-09-25
46,Neutral,2023-09-26
44,Fear,2023-09-27
46,Neutral,2023-09-28
48,Neutral,2023-09-29
47,Neutral,2023-09-30
48,Neutral,2023-10-01
50,Neutral,2023-10-02
50,Neutral,2023-10-03
49,Neutral,2023-10-04
48,Neutral,2023-10-05
50,Neutral,2023-10-06
49,Neutral,2023-10-07
50,Neutral,2023-10-08
50,Neutral,2023-10-09
50,Neutral,2023-10-10
47,Neutral,2023-10-11
45,Neutral,2023-10-12
44,Fear,2023-10-13
47,Neutral,2023-10-14
45,Neutral,2023-10-15
47,Neutral,2023-10-16
52,Neutral,2023-10-17
50,Neutral,2023-10-18
52,Neutral,2023-10-19
53,Neutral,2023-10-20
63,Greed,2023-10-21
53,Neutral,2023-10-22
53,Neutral,2023-10-23
66,Greed,2023-10-24
72,Greed,2023-10-25
71,Greed,2023-10-26
70,Greed,2023-10-27
65,Greed,2023-10-28
72,Greed,2023-10-29
68,Greed,2023-10-30
66,Greed,2023-10-31
66,Greed,2023-11-01
72,Greed,2023-11-02
65,Greed,2023-11-03
68,Greed,2023-11-04
70,Greed,2023-11-05
74,Greed,2023-11-06
68,Greed,2023-11-07
66,Greed,2023-11-08
69,Greed,2023-11-09
70,Greed,2023-11-10
70,Greed,2023-11-11
73,Greed,2023-11-12
72,Greed,2023-11-13
69,Greed,2023-11-14
60,Greed,2023-11-15
70,Greed,2023-11-16
63,Greed,2023-11-17
69,Greed,2023-11-18
66,Greed,2023-11-19
69,Greed,2023-11-20
71,Greed,2023-11-21
62,Greed,2023-11-22
66,Greed,2023-11-23
66,Greed,2023-11-24
73,Greed,2023-11-25
73,Greed,2023-11-26
66,Greed,2023-11-27
68,Greed,2023-11-28
72,Greed,2023-11-29
74,Greed,2023-11-30
71,Greed,2023-12-01
74,Greed,2023-12-02
73,Greed,2023-12-03
74,Greed,2023-12-04
75,Extreme Greed,2023-12-05
72,Greed,2023-12-06
72,Greed,2023-12-07
72,Greed,2023-12-08
73,Greed,2023-12-09
74,Greed,2023-12-10
74,Greed,2023-12-11
67,Greed,2023-12-12
65,Greed,2023-12-13
72,Greed,2023-12-14
70,Greed,2023-12-15
67,Greed,2023-12-16
73,Greed,2023-12-17
65,Greed,2023-12-18
73,Greed,2023-12-19
74,Greed,2023-12-20
70,Greed,2023-12-21
74,Greed,2023-12-22
70,Greed,2023-12-23
71,Greed,2023-12-24
73,Greed,2023-12-25
71,Greed,2023-12-26
73,Greed,2023-12-27
73,Greed,2023-12-28
65,Greed,2023-12-29
68,Greed,2023-12-30
67,Greed,2023-12-31
65,Greed,2024-01-01
71,Greed,2024-01-02
70,Greed,2024-01-03
68,Greed,2024-01-04
72,Greed,2024-01-05
70,Greed,2024-01-06
71,Greed,2024-01-07
71,Greed,2024-01-08
76,Extreme Greed,2024-01-09
73,Greed,2024-01-10
76,Extreme Greed,2024-01-11
71,Greed,2024-01-12
64,Greed,2024-01-13
60,Greed,2024-01-14
52,Neutral,2024-01-15
64,Greed,2024-01-16
60,Greed,2024-01-17
63,Greed,2024-01-18
51,Neutral,2024-01-19
52,Neutral,2024-01-20
56,Greed,2024-01-21
55,Greed,2024-01-22
50,Neutral,2024-01-23
48,Neutral,2024-01-24
52,Neutral,2024-01-25
49,Neutral,2024-01-26
55,Greed,2024-01-27
54,Neutral,2024-01-28
55,Greed,2024-01-29
61,Greed,2024-01-30
60,Greed,2024-01-31
63,Greed,2024-02-01
63,Greed,2024-02-02
60,Greed,2024-02-03
60,Greed,2024-02-04
60,Greed,2024-02-05
64,Greed,2024-02-06
62,Greed,2024-02-07
66,Greed,2024-02-08
72,Greed,2024-02-09
74,Greed,2024-02-10
71,Greed,2024-02-11
70,Greed,2024-02-12
79,Extreme Greed,2024-02-13
74,Greed,2024-02-14
72,Greed,2024-02-15
72,Greed,2024-02-16
76,Extreme Greed,2024-02-17
72,Greed,2024-02-18
75,Extreme Greed,2024-02-19
72,Greed,2024-02-20
78,Extreme Greed,2024-02-21
74,Greed,2024-02-22
76,Extreme Greed,2024-02-23
72,Greed,2024-02-24
74,Greed,2024-02-25
72,Greed,2024-02-26
79,Extreme Greed,2024-02-27
82,Extreme Greed,2024-02-28
80,Extreme Greed,2024-02-29
80,Extreme Greed,2024-03-01
80,Extreme Greed,2024-03-02
83,Extreme Greed,2024-03-03
82,Extreme Greed,2024-03-04
90,Extreme Greed,2024-03-05
75,Extreme Greed,2024-03-06
82,Extreme Greed,2024-03-07
81,Extreme Greed,2024-03-08
84,Extreme Greed,2024-03-09
79,Extreme Greed,2024-03-10
82,Extreme Greed,2024-03-11
81,Extreme Greed,2024-03-12
81,Extreme Greed,2024-03-13
88,Extreme Greed,2024-03-14
83,Extreme Greed,2024-03-15
81,Extreme Greed,2024-03-16
79,Extreme Greed,2024-03-17
77,Extreme Greed,2024-03-18
79,Extreme Greed,2024-03-19
74,Greed,2024-03-20
78,Extreme Greed,2024-03-21
75,Extreme Greed,2024-03-22
73,Greed,2024-03-23
74,Greed,2024-03-24
75,Extreme Greed,2024-03-25
81,Extreme Greed,2024-03-26
83,Extreme Greed,2024-03-27
80,Extreme Greed,2024-03-28
79,Extreme Greed,2024-03-29
75,Extreme Greed,2024-03-30
75,Extreme Greed,2024-03-31
79,Extreme Greed,2024-04-01
79,Extreme Greed,2024-04-02
71,Greed,2024-04-03
70,Greed,2024-04-04
79,Extreme Greed,2024-04-05
75,Extreme Greed,2024-04-06
78,Extreme Greed,2024-04-07
76,Extreme Greed,2024-04-08
80,Extreme Greed,2024-04-09
78,Extreme Greed,2024-04-10
76,Extreme Greed,2024-04-11
79,Extreme Greed,2024-04-12
72,Greed,2024-04-13
72,Greed,2024-04-14
74,Greed,2024-04-15
65,Greed,2024-04-16
67,Greed,2024-04-17
57,Greed,2024-04-18
66,Greed,2024-04-19
66,Greed,2024-04-20
72,Greed,2024-04-21
73,Greed,2024-04-22
71,Greed,2024-04-23
72,Greed,2024-04-24
72,Greed,2024-04-25
70,Greed,2024-04-26
67,Greed,2024-04-27
65,Greed,2024-04-28
67,Greed,2024-04-29
67,Greed,2024-04-30
54,Neutral,2024-05-01
43,Fear,2024-05-02
48,Neutral,2024-05-03
67,Greed,2024-05-04
69,Greed,2024-05-05
71,Greed,2024-05-06
68,Greed,2024-05-07
64,Greed,2024-05-08
55,Greed,2024-05-09
66,Greed,2024-05-10
53,Neutral,2024-05-11
56,Greed,2024-05-12
57,Greed,2024-05-13
66,Greed,2024-05-14
64,Greed,2024-05-15
70,Greed,2024-05-16
74,Greed,2024-05-17
73,Greed,2024-05-18
72,Greed,2024-05-19
70,Greed,2024-05-20
76,Extreme Greed,2024-05-21
76,Extreme Greed,2024-05-22
76,Extreme Greed,2024-05-23
74,Greed,2024-05-24
76,Extreme Greed,2024-05-25
75,Extreme Greed,2024-05-26
74,Greed,2024-05-27
72,Greed,2024-05-28
72,Greed,2024-05-29
73,Greed,2024-05-30
73,Greed,2024-05-31
72,Greed,2024-06-01
73,Greed,2024-06-02
73,Greed,2024-06-03
73,Greed,2024-06-04
75,Extreme Greed,2024-06-05
78,Extreme Greed,2024-06-06
77,Extreme Greed,2024-06-07
72,Greed,2024-06-08
75,Extreme Greed,2024-06-09
72,Greed,2024-06-10
74,Greed,2024-06-11
72,Greed,2024-06-12
70,Greed,2024-06-13
74,Greed,2024-06-14
74,Greed,2024-06-15
71,Greed,2024-06-16
71,Greed,2024-06-17
74,Greed,2024-06-18
64,Greed,2024-06-19
60,Greed,2024-06-20
63,Greed,2024-06-21
53,Neutral,2024-06-22
55,Greed,2024-06-23
51,Neutral,2024-06-24
30,Fear,2024-06-25
46,Neutral,2024-06-26
40,Fear,2024-06-27
47,Neutral,2024-06-28
30,Fear,2024-06-29
47,Neutral,2024-06-30
53,Neutral,2024-07-01
51,Neutral,2024-07-02
50,Neutral,2024-07-03
44,Fear,2024-07-04
29,Fear,2024-07-05
26,Fear,2024-07-06
29,Fear,2024-07-07
28,Fear,2024-07-08
27,Fear,2024-07-09
28,Fear,2024-07-10
29,Fear,2024-07-11
25,Fear,2024-07-12
25,Fear,2024-07-13
33,Fear,2024-07-14
52,Neutral,2024-07-15
65,Greed,2024-07-16
69,Greed,2024-07-17
61,Greed,2024-07-18
60,Greed,2024-07-19
74,Greed,2024-07-20
74,Greed,2024-07-21
70,Greed,2024-07-22
71,Greed,2024-07-23
69,Greed,2024-07-24
68,Greed,2024-07-25
68,Greed,2024-07-26
72,Greed,2024-07-27
71,Greed,2024-07-28
74,Greed,2024-07-29
67,Greed,2024-07-30
61,Greed,2024-07-31
52,Neutral,2024-08-01
57,Greed,2024-08-02
37,Fear,2024-08-03
34,Fear,2024-08-04
26,Fear,2024-08-05
17,Extreme Fear,2024-08-06
29,Fear,2024-08-07
20,Extreme Fear,2024-08-08
48,Neutral,2024-08-09
40,Fear,2024-08-10
39,Fear,2024-08-11
25,Fear,2024-08-12
31,Fear,2024-08-13
30,Fear,2024-08-14
29,Fear,2024-08-15
27,Fear,2024-08-16
25,Fear,2024-08-17
31,Fear,2024-08-18
28,Fear,2024-08-19
30,Fear,2024-08-20
26,Fear,2024-08-21
39,Fear,2024-08-22
34,Fear,2024-08-23
56,Greed,2024-08-24
54,Neutral,2024-08-25
55,Greed,2024-08-26
48,Neutral,2024-08-27
30,Fear,2024-08-28
29,Fear,2024-08-29
34,Fear,2024-08-30
29,Fear,2024-08-31
26,Fear,2024-09-01
26,Fear,2024-09-02
26,Fear,2024-09-03
27,Fear,2024-09-04
29,Fear,2024-09-05
22,Extreme Fear,2024-09-06
23,Extreme Fear,2024-09-07
29,Fear,2024-09-08
26,Fear,2024-09-09
33,Fear,2024-09-10
37,Fear,2024-09-11
31,Fear,2024-09-12
32,Fear,2024-09-13
50,Neutral,2024-09-14
51,Neutral,2024-09-15
39,Fear,2024-09-16
33,Fear,2024-09-17
45,Neutral,2024-09-18
49,Neutral,2024-09-19
54,Neutral,2024-09-20
54,Neutral,2024-09-21
52,Neutral,2024-09-22
50,Neutral,2024-09-23
54,Neutral,2024-09-24
59,Greed,2024-09-25
50,Neutral,2024-09-26
61,Greed,2024-09-27
64,Greed,2024-09-28
63,Greed,2024-09-29
61,Greed,2024-09-30
50,Neutral,2024-10-01
42,Fear,2024-10-02
37,Fear,2024-10-03
41,Fear,2024-10-04
49,Neutral,2024-10-05
50,Neutral,2024-10-06
50,Neutral,2024-10-07
49,Neutral,2024-10-08
49,Neutral,2024-10-09
39,Fear,2024-10-10
32,Fear,2024-10-11
49,Neutral,2024-10-12
50,Neutral,2024-10-13
48,Neutral,2024-10-14
65,Greed,2024-10-15
73,Greed,2024-10-16
71,Greed,2024-10-17
73,Greed,2024-10-18
72,Greed,2024-10-19
73,Greed,2024-10-20
72,Greed,2024-10-21
70,Greed,2024-10-22
71,Greed,2024-10-23
69,Greed,2024-10-24
72,Greed,2024-10-25
74,Greed,2024-10-27
72,Greed,2024-10-28
72,Greed,2024-10-29
77,Extreme Greed,2024-10-30
77,Extreme Greed,2024-10-31
75,Extreme Greed,2024-11-01
72,Greed,2024-11-02
74,Greed,2024-11-03
70,Greed,2024-11-04
70,Greed,2024-11-05
70,Greed,2024-11-06
77,Extreme Greed,2024-11-07
75,Extreme Greed,2024-11-08
75,Extreme Greed,2024-11-09
78,Extreme Greed,2024-11-10
76,Extreme Greed,2024-11-11
80,Extreme Greed,2024-11-12
84,Extreme Greed,2024-11-13
88,Extreme Greed,2024-11-14
80,Extreme Greed,2024-11-15
86,Extreme Greed,2024-11-16
90,Extreme Greed,2024-11-17
83,Extreme Greed,2024-11-18
90,Extreme Greed,2024-11-19
83,Extreme Greed,2024-11-20
82,Extreme Greed,2024-11-21
94,Extreme Greed,2024-11-22
93,Extreme Greed,2024-11-23
80,Extreme Greed,2024-11-24
82,Extreme Greed,2024-11-25
79,Extreme Greed,2024-11-26
75,Extreme Greed,2024-11-27
77,Extreme Greed,2024-11-28
78,Extreme Greed,2024-11-29
84,Extreme Greed,2024-11-30
81,Extreme Greed,2024-12-01
80,Extreme Greed,2024-12-02
76,Extreme Greed,2024-12-03
78,Extreme Greed,2024-12-04
84,Extreme Greed,2024-12-05
72,Greed,2024-12-06
75,Extreme Greed,2024-12-07
79,Extreme Greed,2024-12-08
78,Extreme Greed,2024-12-09
78,Extreme Greed,2024-12-10
74,Greed,2024-12-11
83,Extreme Greed,2024-12-12
76,Extreme Greed,2024-12-13
83,Extreme Greed,2024-12-14
80,Extreme Greed,2024-12-15
83,Extreme Greed,2024-12-16
87,Extreme Greed,2024-12-17
81,Extreme Greed,2024-12-18
75,Extreme Greed,2024-12-19
74,Greed,2024-12-20
73,Greed,2024-12-21
73,Greed,2024-12-22
70,Greed,2024-12-23
73,Greed,2024-12-24
73,Greed,2024-12-25
79,Extreme Greed,2024-12-26
74,Greed,2024-12-27
72,Greed,2024-12-28
73,Greed,2024-12-29
65,Greed,2024-12-30
64,Greed,2024-12-31
66,Greed,2025-01-01
70,Greed,2025-01-02
74,Greed,2025-01-03
73,Greed,2025-01-04
72,Greed,2025-01-05
76,Extreme Greed,2025-01-06
78,Extreme Greed,2025-01-07
70,Greed,2025-01-08
69,Greed,2025-01-09
50,Neutral,2025-01-10
69,Greed,2025-01-11
62,Greed,2025-01-12
61,Greed,2025-01-13
63,Greed,2025-01-14
70,Greed,2025-01-15
75,Extreme Greed,2025-01-16
75,Extreme Greed,2025-01-17
77,Extreme Greed,2025-01-18
77,Extreme Greed,2025-01-19
76,Extreme Greed,2025-01-20
76,Extreme Greed,2025-01-21
84,Extreme Greed,2025-01-22
75,Extreme Greed,2025-01-23
75,Extreme Greed,2025-01-24
75,Extreme Greed,2025-01-25
73,Greed,2025-01-26
71,Greed,2025-01-27
72,Greed,2025-01-28
72,Greed,2025-01-29
70,Greed,2025-01-30
76,Extreme Greed,2025-01-31
68,Greed,2025-02-01
60,Greed,2025-02-02
44,Fear,2025-02-03
72,Greed,2025-02-04
54,Neutral,2025-02-05
49,Neutral,2025-02-06
44,Fear,2025-02-07
44,Fear,2025-02-08
46,Neutral,2025-02-09
43,Fear,2025-02-10
47,Neutral,2025-02-11
46,Neutral,2025-02-12
50,Neutral,2025-02-13
48,Neutral,2025-02-14
50,Neutral,2025-02-15
54,Neutral,2025-02-16
51,Neutral,2025-02-17
47,Neutral,2025-02-18
44,Fear,2025-02-19
49,Neutral,2025-02-20
55,Greed,2025-02-21
49,Neutral,2025-02-22
50,Neutral,2025-02-23
49,Neutral,2025-02-24
25,Fear,2025-02-25
21,Extreme Fear,2025-02-26
10,Extreme Fear,2025-02-27
16,Extreme Fear,2025-02-28
20,Extreme Fear,2025-03-01
26,Fear,2025-03-02
33,Fear,2025-03-03
15,Extreme Fear,2025-03-04
20,Extreme Fear,2025-03-05
25,Fear,2025-03-06
34,Fear,2025-03-07
28,Fear,2025-03-08
27,Fear,2025-03-09
20,Extreme Fear,2025-03-10
24,Extreme Fear,2025-03-11
34,Fear,2025-03-12
45,Neutral,2025-03-13
27,Fear,2025-03-14
46,Neutral,2025-03-15
30,Fear,2025-03-16
32,Fear,2025-03-17
34,Fear,2025-03-18
32,Fear,2025-03-19
49,Neutral,2025-03-20
31,Fear,2025-03-21
32,Fear,2025-03-22
30,Fear,2025-03-23
45,Neutral,2025-03-24
46,Neutral,2025-03-25
47,Neutral,2025-03-26
40,Fear,2025-03-27
44,Fear,2025-03-28
26,Fear,2025-03-29
32,Fear,2025-03-30
34,Fear,2025-03-31
34,Fear,2025-04-01
44,Fear,2025-04-02
25,Fear,2025-04-03
28,Fear,2025-04-04
30,Fear,2025-04-05
34,Fear,2025-04-06
23,Extreme Fear,2025-04-07
24,Extreme Fear,2025-04-08
18,Extreme Fear,2025-04-09
39,Fear,2025-04-10
25,Fear,2025-04-11
43,Fear,2025-04-12
45,Neutral,2025-04-13
31,Fear,2025-04-14
38,Fear,2025-04-15
29,Fear,2025-04-16
30,Fear,2025-04-17
33,Fear,2025-04-18
32,Fear,2025-04-19
37,Fear,2025-04-20
39,Fear,2025-04-21
47,Neutral,2025-04-22
72,Greed,2025-04-23
63,Greed,2025-04-24
60,Greed,2025-04-25
65,Greed,2025-04-26
61,Greed,2025-04-27
54,Neutral,2025-04-28
60,Greed,2025-04-29
56,Greed,2025-04-30
53,Neutral,2025-05-01
67,Greed,2025-05-02
